PD,PP,
Default,13839.20716,14472.17367
Hot LA,23067.94317,19812.45784
Hot LA+Cold Cache,30136.26192,37652.80342
Hot LA+Cold Cache+UVA,33486.33228,41832.99777
